cover_category,texture_score,requested_payload_bytes,method,image_id,width,height,payload_original_bytes,embedded_bits,total_bpp,embedding_success,extraction_success,ber,mse,psnr,ssim,changed_pixels,changed_pixel_ratio,maximum_change,embedding_seconds,extraction_seconds,failure_reason
Mixed,0.16594719008419068,5000,GuardianPixel,0806.png,2040,1356,5000,39480,0.014272080513621378,True,True,0.0,0.0023680760406424124,74.38684717081732,0.9999957842629211,19644,0.7101336109665105,1,10.069223799975589,8.5611642000149,
Mixed,0.16594719008419068,5000,Sequential Replacement,0806.png,2040,1356,5000,39480,0.014272080513621378,True,True,0.0,0.0023768725779397303,74.37074460663058,0.9999725859291732,19725,0.7130617733819191,1,0.0016706000315025449,2.629996743053198e-05,
Mixed,0.16594719008419068,5000,Sequential Matching,0806.png,2040,1356,5000,39480,0.014272080513621378,True,True,0.0,0.0023768725779397303,74.37074460663058,0.9999724458076585,19725,0.7130617733819191,1,0.07832249999046326,0.004349599999841303,
Mixed,0.16594719008419068,5000,Keyed Random Matching,0806.png,2040,1356,5000,39480,0.014272080513621378,True,True,0.0,0.0024006111785913973,74.32758536781994,0.9999771293879435,19922,0.7201833535774191,1,1.4456586000160314,1.3485838000196964,
Mixed,0.16594719008419068,5000,Canny Synchronous,0806.png,2040,1356,5000,39480,0.014272080513621378,True,False,0.4942502532928065,0.002388681628010103,74.34922091575281,0.999998123927354,19823,0.7166044884030308,1,0.1394144999794662,0.0632309999782592,BIT_ERRORS
Mixed,0.16594719008419068,20000,GuardianPixel,0806.png,2040,1356,20000,144944,0.05239747816530742,True,True,0.0,0.00875255461083155,68.70945531678335,0.9999858360008448,72529,2.62193446700214,1,12.335137800022494,10.35024689999409,
Mixed,0.16594719008419068,20000,Sequential Replacement,0806.png,2040,1356,20000,144944,0.05239747816530742,True,True,0.0,0.00871917596930611,68.72604918239655,0.99988516561774,72358,2.615752790791833,1,0.002354700001887977,0.00010779994772747159,
Mixed,0.16594719008419068,20000,Sequential Matching,0806.png,2040,1356,20000,144944,0.05239747816530742,True,True,0.0,0.00871917596930611,68.72604918239655,0.9998845699099431,72358,2.615752790791833,1,0.27237189997686073,0.03210810001473874,
Mixed,0.16594719008419068,20000,Keyed Random Matching,0806.png,2040,1356,20000,144944,0.05239747816530742,True,True,0.0,0.008730503017332794,68.72041094097223,0.9999173134854878,72452,2.619150905199838,1,2.2618274000124075,1.924551700009033,
Mixed,0.16594719008419068,20000,Canny Synchronous,0806.png,2040,1356,20000,144944,0.05239747816530742,True,False,0.4931835743459543,0.008740986561783022,68.71519908306931,0.9999911184125274,72539,2.6222959685349068,1,0.3136303999926895,0.09139720001257956,BIT_ERRORS
Mixed,0.16594719008419068,50000,GuardianPixel,0806.png,2040,1356,50000,348720,0.1260628145063335,True,True,0.0,0.02102384464110128,64.90368222261517,0.9999572637221492,174154,6.295693793741686,1,14.198682999995071,12.418155500025023,
Mixed,0.16594719008419068,50000,Sequential Replacement,0806.png,2040,1356,50000,348720,0.1260628145063335,True,True,0.0,0.021067586326566023,64.89465578705416,0.9997228094947109,174834,6.3202758979698075,1,0.002459099981933832,0.0005778999766334891,
Mixed,0.16594719008419068,50000,Sequential Matching,0806.png,2040,1356,50000,348720,0.1260628145063335,True,True,0.0,0.021067586326566023,64.89465578705416,0.9997214660694792,174834,6.3202758979698075,1,0.6292272999999113,0.11565029999474064,
Mixed,0.16594719008419068,50000,Keyed Random Matching,0806.png,2040,1356,50000,348720,0.1260628145063335,True,True,0.0,0.02097540343571057,64.91370038174422,0.9998013962482748,174069,6.29262103071317,1,3.426416000002064,2.4170595999457873,
Mixed,0.16594719008419068,50000,Canny Synchronous,0806.png,2040,1356,50000,348720,0.1260628145063335,False,False,,,,,,,,,,"ValueError: Capacity error: Insufficient edge capacity. Need 348720 bits, but only found 171986 edge pixels."
Textured,0.3183728155123871,5000,GuardianPixel,0807.png,2040,1128,5000,40256,0.017494089834515367,True,True,0.0,0.0029114807861678953,73.48966432468445,0.9999980144374291,20078,0.8725316367681825,1,9.407338699966203,7.9015084999846295,
Textured,0.3183728155123871,5000,Sequential Replacement,0807.png,2040,1128,5000,40256,0.017494089834515367,True,True,0.0,0.0029206067769897556,73.47607272254277,0.9999970697012518,20162,0.8761820330969268,1,0.0014413000317290425,2.5600020308047533e-05,
Textured,0.3183728155123871,5000,Sequential Matching,0807.png,2040,1128,5000,40256,0.017494089834515367,True,True,0.0,0.0029206067769897556,73.47607272254277,0.9999970704071264,20162,0.8761820330969268,1,0.07955179997952655,0.004546800046227872,
Textured,0.3183728155123871,5000,Keyed Random Matching,0807.png,2040,1128,5000,40256,0.017494089834515367,True,True,0.0,0.002940017614610856,73.4473042844712,0.9999923472282563,20296,0.8820052843832569,1,1.5315112000098452,1.1732186999870464,
Textured,0.3183728155123871,5000,Canny Synchronous,0807.png,2040,1128,5000,40256,0.017494089834515367,True,False,0.48921899841017485,0.0029323401937607196,73.45866007551449,0.9999979103953892,20243,0.8797020581282159,1,0.14177739998558536,0.07323410001117736,BIT_ERRORS
Textured,0.3183728155123871,20000,GuardianPixel,0807.png,2040,1128,20000,147104,0.0639271311361424,True,True,0.0,0.010700296667130208,67.8368454214424,0.9999931016406811,73729,3.204048463356974,1,9.488737700041384,8.155108700040728,
Textured,0.3183728155123871,20000,Sequential Replacement,0807.png,2040,1128,20000,147104,0.0639271311361424,True,True,0.0,0.010639746442312149,67.8614908253452,0.9999884898739794,73450,3.1919239326936446,1,0.0021689999848604202,8.079997496679425e-05,
Textured,0.3183728155123871,20000,Sequential Matching,0807.png,2040,1128,20000,147104,0.0639271311361424,True,True,0.0,0.010639746442312149,67.8614908253452,0.9999884905383,73450,3.1919239326936446,1,0.23729339998681098,0.026869599998462945,
Textured,0.3183728155123871,20000,Keyed Random Matching,0807.png,2040,1128,20000,147104,0.0639271311361424,True,True,0.0,0.0106966752422009,67.83831550317649,0.9999717211621774,73843,3.20900257266027,1,1.7953623000066727,1.54474109999137,
Textured,0.3183728155123871,20000,Canny Synchronous,0807.png,2040,1128,20000,147104,0.0639271311361424,True,False,0.4970429084185338,0.010639311871320632,67.86166821269087,0.9999928370063502,73447,3.1917935613961896,1,0.3060270000132732,0.10821619996568188,BIT_ERRORS
Textured,0.3183728155123871,50000,GuardianPixel,0807.png,2040,1128,50000,353560,0.15364691976081213,True,True,0.0,0.025538143744495433,64.05891033751794,0.999982177240008,175796,7.639584202475317,1,10.89028990000952,10.658516499970574,
Textured,0.3183728155123871,50000,Sequential Replacement,0807.png,2040,1128,50000,353560,0.15364691976081213,True,True,0.0,0.02565011820330969,64.03990990058405,0.9999666198472154,177072,7.695035460992908,1,0.00339569995412603,0.00024399999529123306,
Textured,0.3183728155123871,50000,Sequential Matching,0807.png,2040,1128,50000,353560,0.15364691976081213,True,True,0.0,0.02565011820330969,64.03990990058405,0.9999665599834285,177072,7.695035460992908,1,0.5823231999529526,0.10417559999041259,
Textured,0.3183728155123871,50000,Keyed Random Matching,0807.png,2040,1128,50000,353560,0.15364691976081213,True,True,0.0,0.02558927826449729,64.05022323912593,0.9999333814689774,176652,7.6767834793491865,1,2.6312191000324674,2.258117499994114,
Textured,0.3183728155123871,50000,Canny Synchronous,0807.png,2040,1128,50000,353560,0.15364691976081213,True,False,0.4984670211562394,0.025607675103138182,64.04710209799367,0.9999850606151656,176779,7.682302530941455,1,0.6576300000306219,0.1964907000074163,BIT_ERRORS
Mixed,0.1597871180727408,5000,GuardianPixel,0808.png,2040,1356,5000,39472,0.014269188501359246,True,True,0.0,0.0023651840283802805,74.39215423235639,0.9999960568891448,19617,0.7091575568280409,1,11.617337699979544,10.599486200022511,
Mixed,0.1597871180727408,5000,Sequential Replacement,0808.png,2040,1356,5000,39472,0.014269188501359246,True,True,0.0,0.002374462567721287,74.37515033342893,0.9999671780839284,19705,0.7123387703163861,1,0.00161060004029423,2.559996210038662e-05,
Mixed,0.1597871180727408,5000,Sequential Matching,0808.png,2040,1356,5000,39472,0.014269188501359246,True,True,0.0,0.002374462567721287,74.37515033342893,0.9999671101217941,19705,0.7123387703163861,1,0.07706040004268289,0.00465080002322793,
Mixed,0.1597871180727408,5000,Keyed Random Matching,0808.png,2040,1356,5000,39472,0.014269188501359246,True,True,0.0,0.00237627007538512,74.37184561939324,0.9999763110252934,19720,0.7128810226155359,1,1.8788774000131525,2.597469500033185,
Mixed,0.1597871180727408,5000,Canny Synchronous,0808.png,2040,1356,5000,39472,0.014269188501359246,True,False,0.4898408998783948,0.0023768725779397303,74.37074460663058,0.999996688964495,19725,0.7130617733819191,1,0.9303285999922082,0.18036729999585077,BIT_ERRORS
Mixed,0.1597871180727408,20000,GuardianPixel,0808.png,2040,1356,20000,144176,0.05211984498814275,True,True,0.0,0.008663986735303757,68.75362582161634,0.9999877127159843,71823,2.5964124587888255,1,17.043612699955702,9.319700099993497,
Mixed,0.1597871180727408,20000,Sequential Replacement,0808.png,2040,1356,20000,144176,0.05211984498814275,True,True,0.0,0.008718332465729655,68.72646934442872,0.9998633930329159,72351,2.6154997397188966,1,0.002162699995096773,0.0006071000243537128,
Mixed,0.1597871180727408,20000,Sequential Matching,0808.png,2040,1356,20000,144176,0.05211984498814275,True,True,0.0,0.008718332465729655,68.72646934442872,0.9998627533975513,72351,2.6154997397188966,1,0.23114250000799075,0.02798180002719164,
Mixed,0.1597871180727408,20000,Keyed Random Matching,0808.png,2040,1356,20000,144176,0.05211984498814275,True,True,0.0,0.008720019472882565,68.7256290610094,0.9999131850671142,72365,2.61600584186477,1,1.7865321999997832,1.5735327000147663,
Mixed,0.1597871180727408,20000,Canny Synchronous,0808.png,2040,1356,20000,144176,0.05211984498814275,True,False,0.49775968261014314,0.008713271444270924,68.7289911706077,0.9999899879155224,72309,2.613981433281277,1,0.30236129998229444,0.09156820003408939,BIT_ERRORS
Mixed,0.1597871180727408,50000,GuardianPixel,0808.png,2040,1356,50000,347784,0.12572444907166405,True,True,0.0,0.020880328532592977,64.93343033263271,0.9999665694434124,173020,6.254699519925964,1,17.3851532000117,12.440055500017479,
Mixed,0.1597871180727408,50000,Sequential Replacement,0808.png,2040,1356,50000,347784,0.12572444907166405,True,True,0.0,0.020935035764551642,64.92206653709248,0.9996637474575638,173734,6.280510729365492,1,0.0028023000340908766,0.00021549995290115476,
Mixed,0.1597871180727408,50000,Sequential Matching,0808.png,2040,1356,50000,347784,0.12572444907166405,True,True,0.0,0.020935035764551642,64.92206653709248,0.9996625899098898,173734,6.280510729365492,1,0.7282903000013903,0.13308400003006682,
Mixed,0.1597871180727408,50000,Keyed Random Matching,0808.png,2040,1356,50000,347784,0.12572444907166405,True,True,0.0,0.020950700830971523,64.91881805549708,0.9997915917215939,173864,6.285210249291456,1,3.4369205000111833,2.898781099996995,
Mixed,0.1597871180727408,50000,Canny Synchronous,0808.png,2040,1356,50000,347784,0.12572444907166405,False,False,,,,,,,,,,"ValueError: Capacity error: Insufficient edge capacity. Need 347784 bits, but only found 236668 edge pixels."
Mixed,0.19608174940856066,5000,GuardianPixel,0810.png,2040,1536,5000,40808,0.013023386437908497,True,True,0.0,0.00215333095043573,74.79969578186848,0.9999947465361809,20232,0.6456801470588235,1,17.23374400002649,13.734824699989986,
Mixed,0.19608174940856066,5000,Sequential Replacement,0810.png,2040,1536,5000,40808,0.013023386437908497,True,True,0.0,0.0021698197508169936,74.76656702815191,0.9999724937620965,20397,0.6509459252450981,1,0.002680900041013956,0.00010329997166991234,
Mixed,0.19608174940856066,5000,Sequential Matching,0810.png,2040,1536,5000,40808,0.013023386437908497,True,True,0.0,0.0021698197508169936,74.76656702815191,0.9999724305004488,20397,0.6509459252450981,1,0.13533150003058836,0.00678130000596866,
Mixed,0.19608174940856066,5000,Keyed Random Matching,0810.png,2040,1536,5000,40808,0.013023386437908497,True,True,0.0,0.0021736494076797386,74.75890863706694,0.9999838365435844,20433,0.6520948223039216,1,2.5290553999948315,2.1655782999587245,
Mixed,0.19608174940856066,5000,Canny Synchronous,0810.png,2040,1536,5000,40808,0.013023386437908497,True,False,0.4878455204861792,0.002181415100762527,74.74342045671061,0.9999978993310462,20506,0.6544245302287582,1,0.2061581999878399,0.10218019998865202,BIT_ERRORS
Mixed,0.19608174940856066,20000,GuardianPixel,0810.png,2040,1536,20000,147640,0.04711754493464052,True,True,0.0,0.007861860021786493,69.17555053806494,0.9999819631431687,73817,2.3557815053104574,1,19.69848100002855,14.423398899962194,
Mixed,0.19608174940856066,20000,Sequential Replacement,0810.png,2040,1536,20000,147640,0.04711754493464052,True,True,0.0,0.0078683491625817,69.17196737122146,0.9998876410657713,73965,2.3605047487745097,1,0.0030690000276081264,0.00010189996100962162,
Mixed,0.19608174940856066,20000,Sequential Matching,0810.png,2040,1536,20000,147640,0.04711754493464052,True,True,0.0,0.0078683491625817,69.17196737122146,0.9998876011185773,73965,2.3605047487745097,1,0.48602290003327653,0.050518899981398135,
Mixed,0.19608174940856066,20000,Keyed Random Matching,0810.png,2040,1536,20000,147640,0.04711754493464052,True,True,0.0,0.00788302951388889,69.16387208313007,0.9999411219689381,74103,2.3649088541666665,1,2.3150444000493735,2.1622404000372626,
Mixed,0.19608174940856066,20000,Canny Synchronous,0810.png,2040,1536,20000,147640,0.04711754493464052,True,False,0.49848279599024653,0.007854413466775598,69.17966601492373,0.9999934578842723,73834,2.3563240400326797,1,0.4152637000079267,0.13598699995782226,BIT_ERRORS
Mixed,0.19608174940856066,50000,GuardianPixel,0810.png,2040,1536,50000,354624,0.11317401960784314,True,True,0.0,0.01885052849264706,65.37756830293054,0.9999651716798453,176803,5.64245685253268,1,17.679936299973633,15.878344199969433,
Mixed,0.19608174940856066,50000,Sequential Replacement,0810.png,2040,1536,50000,354624,0.11317401960784314,True,True,0.0,0.018857655909586057,65.37592653845275,0.9997252752953217,177268,5.657296772875816,1,0.0030992000247351825,0.00019459996838122606,
Mixed,0.19608174940856066,50000,Sequential Matching,0810.png,2040,1536,50000,354624,0.11317401960784314,True,True,0.0,0.018857655909586057,65.37592653845275,0.9997251527154387,177268,5.657296772875816,1,0.7603992000222206,0.1350506999879144,
Mixed,0.19608174940856066,50000,Keyed Random Matching,0810.png,2040,1536,50000,354624,0.11317401960784314,True,True,0.0,0.01890414368872549,65.36523351197077,0.9998581264094879,177705,5.671243106617647,1,3.5665530000114813,5.121831500029657,
Mixed,0.19608174940856066,50000,Canny Synchronous,0810.png,2040,1536,50000,354624,0.11317401960784314,True,False,0.4988776845334777,0.01887137884667756,65.37276727601433,0.9999814950917999,177397,5.661413654003268,1,0.6917411999893375,0.18691370001761243,BIT_ERRORS
Mixed,0.20780510606921807,5000,GuardianPixel,0812.png,2040,1536,5000,40584,0.012951899509803922,True,True,0.0,0.002150884225217865,74.80463326446143,0.9999957945065204,20208,0.6449142156862745,1,12.704505899979267,11.2540844999603,
Mixed,0.20780510606921807,5000,Sequential Replacement,0812.png,2040,1536,5000,40584,0.012951899509803922,True,True,0.0,0.0021412037037037038,74.82422374943789,0.9999718018320699,20128,0.642361111111111,1,0.0019366999622434378,2.6900030206888914e-05,
Mixed,0.20780510606921807,5000,Sequential Matching,0812.png,2040,1536,5000,40584,0.012951899509803922,True,True,0.0,0.0021412037037037038,74.82422374943789,0.999971787415999,20128,0.642361111111111,1,0.10410749999573454,0.005744600028265268,
Mixed,0.20780510606921807,5000,Keyed Random Matching,0812.png,2040,1536,5000,40584,0.012951899509803922,True,True,0.0,0.002167904922385621,74.77040129398576,0.9999836746579142,20379,0.6503714767156863,1,1.612985400017351,1.601530400046613,
Mixed,0.20780510606921807,5000,Canny Synchronous,0812.png,2040,1536,5000,40584,0.012951899509803922,True,False,0.49154839345554896,0.002145990774782135,74.81452510185706,0.9999980293486089,20173,0.6437972324346405,1,0.16257310000946745,0.07472199999028817,BIT_ERRORS
Mixed,0.20780510606921807,20000,GuardianPixel,0812.png,2040,1536,20000,147752,0.04715328839869281,True,True,0.0,0.007863881229575164,69.17443415266828,0.9999864861970537,73815,2.355717677696078,1,13.806178800005,12.299468900018837,
Mixed,0.20780510606921807,20000,Sequential Replacement,0812.png,2040,1536,20000,147752,0.04715328839869281,True,True,0.0,0.00786473226443355,69.1739641814996,0.9998827914231594,73931,2.359419679330065,1,0.0020827000262215734,7.449998520314693e-05,
Mixed,0.20780510606921807,20000,Sequential Matching,0812.png,2040,1536,20000,147752,0.04715328839869281,True,True,0.0,0.00786473226443355,69.1739641814996,0.9998827541594784,73931,2.359419679330065,1,0.24603109998861328,0.027925600006710738,
Mixed,0.20780510606921807,20000,Keyed Random Matching,0812.png,2040,1536,20000,147752,0.04715328839869281,True,True,0.0,0.007852817776416122,69.180548410439,0.9999407951626931,73819,2.3558453329248366,1,2.0062850000103936,1.923966299975291,
Mixed,0.20780510606921807,20000,Canny Synchronous,0812.png,2040,1536,20000,147752,0.04715328839869281,True,False,0.4965415019762846,0.007836754493464052,69.18944119281042,0.9999921203108886,73668,2.3510263480392157,1,0.31608200003392994,0.10073419997934252,BIT_ERRORS
Mixed,0.20780510606921807,50000,GuardianPixel,0812.png,2040,1536,50000,354472,0.11312551062091503,True,True,0.0,0.01886020901416122,65.37533859465866,0.999966351843173,176921,5.646222681781046,1,14.769650299975183,12.976831200008746,
Mixed,0.20780510606921807,50000,Sequential Replacement,0812.png,2040,1536,50000,354472,0.11312551062091503,True,True,0.0,0.018838294866557734,65.38038770455537,0.9997183471385568,177086,5.65148845996732,1,0.0027843000134453177,0.00016810005763545632,
Mixed,0.20780510606921807,50000,Sequential Matching,0812.png,2040,1536,50000,354472,0.11312551062091503,True,True,0.0,0.018838294866557734,65.38038770455537,0.9997183221906836,177086,5.65148845996732,1,0.5690008999663405,0.09559040004387498,
Mixed,0.20780510606921807,50000,Keyed Random Matching,0812.png,2040,1536,50000,354472,0.11312551062091503,True,True,0.0,0.018846486077069718,65.37849972883022,0.999858115738426,177163,5.653945823120915,1,2.994906699983403,2.3225408999715,
Mixed,0.20780510606921807,50000,Canny Synchronous,0812.png,2040,1536,50000,354472,0.11312551062091503,False,False,,,,,,,,,,"ValueError: Capacity error: Insufficient edge capacity. Need 354472 bits, but only found 323215 edge pixels."
Mixed,0.21110331081237213,5000,GuardianPixel,0815.png,2040,1356,5000,39904,0.014425357163514374,True,True,0.0,0.0024104922204870147,74.30974626668886,0.9999952648515142,19988,0.7225692636936781,1,9.47184259997448,8.573667499993462,
Mixed,0.21110331081237213,5000,Sequential Replacement,0815.png,2040,1356,5000,39904,0.014425357163514374,True,True,0.0,0.0023931401469142227,74.34112228385155,0.9999792233263206,19860,0.7179420440742669,1,0.0017455000197514892,2.8999987989664078e-05,
Mixed,0.21110331081237213,5000,Sequential Matching,0815.png,2040,1356,5000,39904,0.014425357163514374,True,True,0.0,0.0023931401469142227,74.34112228385155,0.9999792737431966,19860,0.7179420440742669,1,0.0791869000531733,0.004606300033628941,
Mixed,0.21110331081237213,5000,Keyed Random Matching,0815.png,2040,1356,5000,39904,0.014425357163514374,True,True,0.0,0.0023894046310756357,74.34790659773037,0.9999803797580326,19829,0.7168213893226907,1,1.4803588999784552,1.3252229999634437,
Mixed,0.21110331081237213,5000,Canny Synchronous,0815.png,2040,1356,5000,39904,0.014425357163514374,True,False,0.4952135124298316,0.002418445254207878,74.2954410005703,0.9999965513065915,20070,0.7255335762623634,1,0.13186490000225604,0.05427610001061112,BIT_ERRORS
Mixed,0.21110331081237213,20000,GuardianPixel,0815.png,2040,1356,20000,146800,0.053068425010122044,True,True,0.0,0.008849557522123894,68.6615880435133,0.9999820095028588,73340,2.651252241309503,1,10.652573900006246,8.775920499989297,
Mixed,0.21110331081237213,20000,Sequential Replacement,0815.png,2040,1356,20000,146800,0.053068425010122044,True,True,0.0,0.008876911138103226,68.6481848845011,0.9999125619932175,73667,2.6630733414309677,1,0.0018423000001348555,7.120001828297973e-05,
Mixed,0.21110331081237213,20000,Sequential Matching,0815.png,2040,1356,20000,146800,0.053068425010122044,True,True,0.0,0.008876911138103226,68.6481848845011,0.9999124721695901,73667,2.6630733414309677,1,0.22800000000279397,0.026762699999380857,
Mixed,0.21110331081237213,20000,Keyed Random Matching,0815.png,2040,1356,20000,146800,0.053068425010122044,True,True,0.0,0.008853654539495248,68.65957788619019,0.9999271064322004,73474,2.656096361848574,1,1.7824690999696031,1.5463273000204936,
Mixed,0.21110331081237213,20000,Canny Synchronous,0815.png,2040,1356,20000,146800,0.053068425010122044,False,False,,,,,,,,,,"ValueError: Capacity error: Insufficient edge capacity. Need 146800 bits, but only found 91719 edge pixels."
Mixed,0.21110331081237213,50000,GuardianPixel,0815.png,2040,1356,50000,354312,0.12808433107756376,True,True,0.0,0.02130931035147589,64.8451096631068,0.9999425766270217,176397,6.376778587541211,1,11.737532200000715,9.873135600006208,
Mixed,0.21110331081237213,50000,Sequential Replacement,0815.png,2040,1356,50000,354312,0.12808433107756376,True,True,0.0,0.021391250698902964,64.82844183320564,0.9997943066890357,177520,6.417375209670889,1,0.0025476000155322254,0.00017820001812651753,
Mixed,0.21110331081237213,50000,Sequential Matching,0815.png,2040,1356,50000,354312,0.12808433107756376,True,True,0.0,0.021391250698902964,64.82844183320564,0.9997943944680219,177520,6.417375209670889,1,0.5469480999745429,0.09331369999563321,
Mixed,0.21110331081237213,50000,Keyed Random Matching,0815.png,2040,1356,50000,354312,0.12808433107756376,True,True,0.0,0.021286656255422524,64.84972913796314,0.9998255886552433,176652,6.3859968766267565,1,2.6034893000032753,2.309852799982764,
Mixed,0.21110331081237213,50000,Canny Synchronous,0815.png,2040,1356,50000,354312,0.12808433107756376,False,False,,,,,,,,,,"ValueError: Capacity error: Insufficient edge capacity. Need 354312 bits, but only found 91719 edge pixels."
Mixed,0.17898873441748,5000,GuardianPixel,0824.png,2040,1356,5000,40160,0.014517901555902596,True,True,0.0,0.002417119748587734,74.29782194174531,0.9999954270224262,20048,0.724738272890277,1,9.888150700018741,8.367294800002128,
Mixed,0.17898873441748,5000,Sequential Replacement,0824.png,2040,1356,5000,40160,0.014517901555902596,True,True,0.0,0.0024238677771993753,74.28571435637237,0.9999768371844869,20115,0.7271603331598127,1,0.001667100004851818,2.6300025638192892e-05,
Mixed,0.17898873441748,5000,Sequential Matching,0824.png,2040,1356,5000,40160,0.014517901555902596,True,True,0.0,0.0024238677771993753,74.28571435637237,0.9999765357845135,20115,0.7271603331598127,1,0.07876360003137961,0.00460190000012517,
Mixed,0.17898873441748,5000,Keyed Random Matching,0824.png,2040,1356,5000,40160,0.014517901555902596,True,True,0.0,0.002438207337999113,74.2600972688654,0.9999762920838636,20234,0.731462201399734,1,1.4286807000171393,1.3168194000027142,
Mixed,0.17898873441748,5000,Canny Synchronous,0824.png,2040,1356,5000,40160,0.014517901555902596,True,False,0.4945717131474104,0.0024347128231823703,74.26632617765848,0.9999978738503029,20205,0.7304138469547111,1,0.13330829999176785,0.05895869998494163,BIT_ERRORS
Mixed,0.17898873441748,20000,GuardianPixel,0824.png,2040,1356,20000,146760,0.053053964948811386,True,True,0.0,0.008797501301405518,68.6872102111593,0.9999849031332707,72881,2.634659320955521,1,10.539250599977095,9.682585000002291,
Mixed,0.17898873441748,20000,Sequential Replacement,0824.png,2040,1356,20000,146760,0.053053964948811386,True,True,0.0,0.00884823201650375,68.66223858778199,0.9999043330409624,73429,2.654469604951125,1,0.0023073000484146178,7.299997378140688e-05,
Mixed,0.17898873441748,20000,Sequential Matching,0824.png,2040,1356,20000,146760,0.053053964948811386,True,True,0.0,0.00884823201650375,68.66223858778199,0.9999029311784403,73429,2.654469604951125,1,0.2323723000008613,0.029472399968653917,
Mixed,0.17898873441748,20000,Keyed Random Matching,0824.png,2040,1356,20000,146760,0.053053964948811386,True,True,0.0,0.008827264927603292,68.67254199855554,0.9999143626012366,73255,2.648179478280988,1,1.8178219000110403,1.670946400030516,
Mixed,0.17898873441748,20000,Canny Synchronous,0824.png,2040,1356,20000,146760,0.053053964948811386,True,False,0.4866312346688471,0.008815214876511076,68.67847457897268,0.999992780664987,73155,2.6445644629533227,1,0.28924069995991886,0.0822028000256978,BIT_ERRORS
Mixed,0.17898873441748,50000,GuardianPixel,0824.png,2040,1356,50000,352144,0.12730059575452599,True,True,0.0,0.021158925713845027,64.87586747050743,0.9999580958028712,175168,6.332350049164208,1,11.621687600039877,9.954721799993422,
Mixed,0.17898873441748,50000,Sequential Replacement,0824.png,2040,1356,50000,352144,0.12730059575452599,True,True,0.0,0.02121917596930611,64.8635184647375,0.9997623256186858,176092,6.3657527907918325,1,0.0023311999975703657,0.00032569997711107135,
Mixed,0.17898873441748,50000,Sequential Matching,0824.png,2040,1356,50000,352144,0.12730059575452599,True,True,0.0,0.02121917596930611,64.8635184647375,0.999759256090944,176092,6.3657527907918325,1,0.5619398999842815,0.09921090002171695,
Mixed,0.17898873441748,50000,Keyed Random Matching,0824.png,2040,1356,50000,352144,0.12730059575452599,True,True,0.0,0.02121411494784738,64.86455443138313,0.9997944010228258,176050,6.364234484354214,1,2.6400245999684557,2.225128100020811,
Mixed,0.17898873441748,50000,Canny Synchronous,0824.png,2040,1356,50000,352144,0.12730059575452599,False,False,,,,,,,,,,"ValueError: Capacity error: Insufficient edge capacity. Need 352144 bits, but only found 168985 edge pixels."
Mixed,0.2349741882832405,5000,GuardianPixel,0831.png,2040,1356,5000,40776,0.01474058650008676,True,True,0.0,0.0024692964698170322,74.20507125340212,0.9999954513767629,20474,0.7401382381861299,1,9.865621500008274,8.463186200009659,
Mixed,0.2349741882832405,5000,Sequential Replacement,0831.png,2040,1356,5000,40776,0.01474058650008676,True,True,0.0,0.002481587521931093,74.18350764138748,0.9999866952976012,20594,0.7444762565793279,1,0.0016577000496909022,2.7500034775584936e-05,
Mixed,0.2349741882832405,5000,Sequential Matching,0831.png,2040,1356,5000,40776,0.01474058650008676,True,True,0.0,0.002481587521931093,74.18350764138748,0.9999867805093473,20594,0.7444762565793279,1,0.07742689998121932,0.004545699979644269,
Mixed,0.2349741882832405,5000,Keyed Random Matching,0831.png,2040,1356,5000,40776,0.01474058650008676,True,True,0.0,0.0024784545086471168,74.18899408909712,0.9999816600981076,20568,0.743536352594135,1,1.422313800023403,1.3413464999757707,
Mixed,0.2349741882832405,5000,Canny Synchronous,0831.png,2040,1356,5000,40776,0.01474058650008676,True,False,0.4788110653325486,0.0024550774095282164,74.23015170722184,0.9999975088047154,20374,0.7365232228584648,1,0.13803869998082519,0.05980819999240339,BIT_ERRORS
Mixed,0.2349741882832405,20000,GuardianPixel,0831.png,2040,1356,20000,148320,0.05361790733992712,True,True,0.0,0.008922701332253648,68.62584004688483,0.9999841640279641,73928,2.6725085314361734,1,10.731700000003912,8.959134600008838,
Mixed,0.2349741882832405,20000,Sequential Replacement,0831.png,2040,1356,20000,148320,0.05361790733992712,True,True,0.0,0.008973432047351881,68.60121782466793,0.9999419317466959,74468,2.692029614205564,1,0.0018701000371947885,8.249998791143298e-05,
Mixed,0.2349741882832405,20000,Sequential Matching,0831.png,2040,1356,20000,148320,0.05361790733992712,True,True,0.0,0.008973432047351881,68.60121782466793,0.9999423617661868,74468,2.692029614205564,1,0.23664279998047277,0.02864849998150021,
Mixed,0.2349741882832405,20000,Keyed Random Matching,0831.png,2040,1356,20000,148320,0.05361790733992712,True,True,0.0,0.008876188135037693,68.64853862131868,0.9999339768242876,73661,2.662856440511308,1,1.823830800014548,1.6014807000174187,
Mixed,0.2349741882832405,20000,Canny Synchronous,0831.png,2040,1356,20000,148320,0.05361790733992712,True,False,0.49814590075512405,0.008943427420132261,68.61576374019324,0.9999886888973731,74219,2.6830282260396783,1,0.30335489998105913,0.08610359998419881,BIT_ERRORS
Mixed,0.2349741882832405,50000,GuardianPixel,0831.png,2040,1356,50000,357632,0.12928451616634853,True,True,0.0,0.021544406848285038,64.79745819095314,0.9999529685376216,178327,6.446548383365146,1,11.746244800044224,10.05351390002761,
Mixed,0.2349741882832405,50000,Sequential Replacement,0831.png,2040,1356,50000,357632,0.12928451616634853,True,True,0.0,0.021465840515163783,64.81332462510831,0.9998574512432866,178139,6.439752154549136,1,0.003392999991774559,0.00023529998725280166,
Mixed,0.2349741882832405,50000,Sequential Matching,0831.png,2040,1356,50000,357632,0.12928451616634853,True,True,0.0,0.021465840515163783,64.81332462510831,0.9998579808922258,178139,6.439752154549136,1,0.6077790999552235,0.09554960002424195,
Mixed,0.2349741882832405,50000,Keyed Random Matching,0831.png,2040,1356,50000,357632,0.12928451616634853,True,True,0.0,0.02152850078084331,64.80066573741934,0.9998399108603572,178659,6.458550234252994,1,2.877316600002814,2.166959099995438,
Mixed,0.2349741882832405,50000,Canny Synchronous,0831.png,2040,1356,50000,357632,0.12928451616634853,False,False,,,,,,,,,,"ValueError: Capacity error: Insufficient edge capacity. Need 357632 bits, but only found 219699 edge pixels."
Mixed,0.19414335439712532,5000,GuardianPixel,0834.png,2040,1356,5000,40592,0.014674070218057724,True,True,0.0,0.0024551979100391388,74.22993855132502,0.9999952446489747,20358,0.7359448204060385,1,9.766014599998016,8.907795800012536,
Mixed,0.19414335439712532,5000,Sequential Replacement,0834.png,2040,1356,5000,40592,0.014674070218057724,True,True,0.0,0.0024450758671216767,74.2478802167775,0.9999686084901983,20291,0.733522760136503,1,0.001880900003015995,2.759997732937336e-05,
Mixed,0.19414335439712532,5000,Sequential Matching,0834.png,2040,1356,5000,40592,0.014674070218057724,True,True,0.0,0.0024450758671216767,74.2478802167775,0.999967744333966,20291,0.733522760136503,1,0.0780992999789305,0.004614999983459711,
Mixed,0.19414335439712532,5000,Keyed Random Matching,0834.png,2040,1356,5000,40592,0.014674070218057724,True,True,0.0,0.002454956909017294,74.23036487358108,0.9999791059684595,20373,0.7364870727051883,1,1.4231329999747686,1.333997699955944,
Mixed,0.19414335439712532,5000,Canny Synchronous,0834.png,2040,1356,5000,40592,0.014674070218057724,True,False,0.49113125739061886,0.0024343513216496036,74.26697105772784,0.9999978337038602,20202,0.7303053964948811,1,0.14542170002823696,0.06963769998401403,BIT_ERRORS
Mixed,0.19414335439712532,20000,GuardianPixel,0834.png,2040,1356,20000,148040,0.0535166869107525,True,True,0.0,0.008924026837873793,68.62519493168821,0.9999844557498151,73952,2.673376135114813,1,10.436359299987089,8.952761799970176,
Mixed,0.19414335439712532,20000,Sequential Replacement,0834.png,2040,1356,20000,148040,0.0535166869107525,True,True,0.0,0.008887394682553455,68.6430589357812,0.999873351548291,73754,2.6662184047660364,1,0.0019215999636799097,7.130001904442906e-05,
Mixed,0.19414335439712532,20000,Sequential Matching,0834.png,2040,1356,20000,148040,0.0535166869107525,True,True,0.0,0.008887394682553455,68.6430589357812,0.9998671111444256,73754,2.6662184047660364,1,0.23435980000067502,0.03030019998550415,
Mixed,0.19414335439712532,20000,Keyed Random Matching,0834.png,2040,1356,20000,148040,0.0535166869107525,True,True,0.0,0.008917037808240307,68.6285975281354,0.999924610970541,74000,2.6751113424720923,1,1.8077289999928325,1.5961507000029087,
Mixed,0.19414335439712532,20000,Canny Synchronous,0834.png,2040,1356,20000,148040,0.0535166869107525,True,False,0.49066468522021073,0.008915109800065553,68.62953664476119,0.999991669649528,73984,2.6745329400196654,1,0.29984509997302666,0.09290660003898665,BIT_ERRORS
Mixed,0.19414335439712532,50000,GuardianPixel,0834.png,2040,1356,50000,353504,0.12779223783908844,True,True,0.0,0.021271714192068174,64.85277871709948,0.9999598093222307,176122,6.366837295390132,1,11.648338600003626,10.15421820001211,
Mixed,0.19414335439712532,50000,Sequential Replacement,0834.png,2040,1356,50000,353504,0.12779223783908844,True,True,0.0,0.021296296296296296,64.84776280337267,0.9996934515235548,176732,6.388888888888888,1,0.0021569000091403723,0.00015679997159168124,
Mixed,0.19414335439712532,50000,Sequential Matching,0834.png,2040,1356,50000,353504,0.12779223783908844,True,True,0.0,0.021296296296296296,64.84776280337267,0.9996761859346881,176732,6.388888888888888,1,0.5458690000232309,0.09661339997546747,
Mixed,0.19414335439712532,50000,Keyed Random Matching,0834.png,2040,1356,50000,353504,0.12779223783908844,True,True,0.0,0.021308466847899436,64.8452815767883,0.9998206389914986,176833,6.39254005436983,1,2.7675367000047117,2.1630099999601953,
Mixed,0.19414335439712532,50000,Canny Synchronous,0834.png,2040,1356,50000,353504,0.12779223783908844,False,False,,,,,,,,,,"ValueError: Capacity error: Insufficient edge capacity. Need 353504 bits, but only found 340369 edge pixels."
Smooth,0.06458245933137516,5000,GuardianPixel,0844.png,1356,2040,5000,39888,0.014419573138990109,True,True,0.0,0.002428928798658106,74.27665576735119,0.9999890801830085,20144,0.7282086876048355,1,9.82888509996701,8.799252900003921,
Smooth,0.06458245933137516,5000,Sequential Replacement,0844.png,1356,2040,5000,39888,0.014419573138990109,True,True,0.0,0.00241410723581468,74.30323803106502,0.9999681345055027,20034,0.7242321707444039,1,0.0016830000095069408,2.7099973522126675e-05,
Smooth,0.06458245933137516,5000,Sequential Matching,0844.png,1356,2040,5000,39888,0.014419573138990109,True,True,0.0,0.00241410723581468,74.30323803106502,0.999964996990006,20034,0.7242321707444039,1,0.08148100000107661,0.0043928999803029,
Smooth,0.06458245933137516,5000,Keyed Random Matching,0844.png,1356,2040,5000,39888,0.014419573138990109,True,True,0.0,0.002415553241945746,74.30063746522741,0.9999640001387498,20046,0.7246659725837238,1,1.4296632999903522,1.335106500016991,
Smooth,0.06458245933137516,5000,Canny Synchronous,0844.png,1356,2040,5000,39888,0.014419573138990109,False,False,,,,,,,,,,"ValueError: Capacity error: Insufficient edge capacity. Need 39888 bits, but only found 12148 edge pixels."
Smooth,0.06458245933137516,20000,GuardianPixel,0844.png,1356,2040,20000,144768,0.052333853895540516,True,True,0.0,0.00871917596930611,68.72604918239655,0.9999450171867371,72267,2.612463126843658,1,10.31694950000383,8.90882920002332,
Smooth,0.06458245933137516,20000,Sequential Replacement,0844.png,1356,2040,20000,144768,0.052333853895540516,True,True,0.0,0.008750747103167717,68.71035227967643,0.9998771927301671,72620,2.6252241309503153,1,0.001884399971459061,7.080001523718238e-05,
Smooth,0.06458245933137516,20000,Sequential Matching,0844.png,1356,2040,20000,144768,0.052333853895540516,True,True,0.0,0.008750747103167717,68.71035227967643,0.9998620497947598,72620,2.6252241309503153,1,0.23643049999373034,0.02700969995930791,
Smooth,0.06458245933137516,20000,Keyed Random Matching,0844.png,1356,2040,20000,144768,0.052333853895540516,True,True,0.0,0.008739420055141034,68.7159774690728,0.9998696521559903,72526,2.62182601654231,1,1.8164600000018254,1.6069239999633282,
Smooth,0.06458245933137516,20000,Canny Synchronous,0844.png,1356,2040,20000,144768,0.052333853895540516,False,False,,,,,,,,,,"ValueError: Capacity error: Insufficient edge capacity. Need 144768 bits, but only found 12148 edge pixels."
Smooth,0.06458245933137516,50000,GuardianPixel,0844.png,1356,2040,50000,352632,0.12747700850251606,True,True,0.0,0.021278462220679816,64.85140122263934,0.9998229813873781,176210,6.370018508878478,1,11.926315799995791,10.07480659999419,
Smooth,0.06458245933137516,50000,Sequential Replacement,0844.png,1356,2040,50000,352632,0.12747700850251606,True,True,0.0,0.02125809763433397,64.85555963515888,0.9997041121225626,176415,6.37742929030019,1,0.0021875000093132257,0.00017179996939375997,
Smooth,0.06458245933137516,50000,Sequential Matching,0844.png,1356,2040,50000,352632,0.12747700850251606,True,True,0.0,0.02125809763433397,64.85555963515888,0.9996604321516918,176415,6.37742929030019,1,0.5605305000208318,0.09774579998338595,
Smooth,0.06458245933137516,50000,Keyed Random Matching,0844.png,1356,2040,50000,352632,0.12747700850251606,True,True,0.0,0.0212664121695876,64.85386134076683,0.9996824578530781,176484,6.379923650876279,1,2.6433966000331566,2.1512335000443272,
Smooth,0.06458245933137516,50000,Canny Synchronous,0844.png,1356,2040,50000,352632,0.12747700850251606,False,False,,,,,,,,,,"ValueError: Capacity error: Insufficient edge capacity. Need 352632 bits, but only found 12148 edge pixels."
Mixed,0.22296747451285043,5000,GuardianPixel,0848.png,2040,1536,5000,41280,0.013174019607843137,True,True,0.0,0.0021985421772875817,74.70945559237154,0.9999962845182173,20654,0.6591477736928104,1,13.949826699972618,11.43274650000967,
Mixed,0.22296747451285043,5000,Sequential Replacement,0848.png,2040,1536,5000,41280,0.013174019607843137,True,True,0.0,0.0022072652845860565,74.69225828019754,0.9999856250956348,20749,0.662179585375817,1,0.0021619999897666276,2.729997504502535e-05,
Mixed,0.22296747451285043,5000,Sequential Matching,0848.png,2040,1536,5000,41280,0.013174019607843137,True,True,0.0,0.0022072652845860565,74.69225828019754,0.9999856307636849,20749,0.662179585375817,1,0.08479110000189394,0.006287000025622547,
Mixed,0.22296747451285043,5000,Keyed Random Matching,0848.png,2040,1536,5000,41280,0.013174019607843137,True,True,0.0,0.002197052866285403,74.71239853669842,0.9999868364640877,20653,0.6591158598856209,1,1.5615250999690033,1.4767108000232838,
Mixed,0.22296747451285043,5000,Canny Synchronous,0848.png,2040,1536,5000,41280,0.013174019607843137,True,False,0.49377422480620153,0.002200882523148148,74.70483499100625,0.9999978927134466,20689,0.6602647569444444,1,0.15039510000497103,0.06832299998495728,BIT_ERRORS
Mixed,0.22296747451285043,20000,GuardianPixel,0848.png,2040,1536,20000,150968,0.0481796364379085,True,True,0.0,0.008019514229302832,69.0893229855914,0.9999861041980305,75252,2.4015778186274512,1,13.342540199984796,11.309242899995297,
Mixed,0.22296747451285043,20000,Sequential Replacement,0848.png,2040,1536,20000,150968,0.0481796364379085,True,True,0.0,0.008022811989379085,69.08753746022006,0.9999404301158169,75417,2.4068435968137254,1,0.0020459999796003103,7.379997987300158e-05,
Mixed,0.22296747451285043,20000,Sequential Matching,0848.png,2040,1536,20000,150968,0.0481796364379085,True,True,0.0,0.008022811989379085,69.08753746022006,0.9999404342666519,75417,2.4068435968137254,1,0.24439710000297055,0.02853730000788346,
Mixed,0.22296747451285043,20000,Keyed Random Matching,0848.png,2040,1536,20000,150968,0.0481796364379085,True,True,0.0,0.008054938555283225,69.07018128987065,0.9999516476910618,75719,2.4164815665849675,1,1.9826370000373572,1.7465465000132099,
Mixed,0.22296747451285043,20000,Canny Synchronous,0848.png,2040,1536,20000,150968,0.0481796364379085,True,False,0.4973636797202056,0.008046002689270153,69.07500187475448,0.9999924168323414,75635,2.4138008067810457,1,0.3041836000047624,0.09316819999366999,BIT_ERRORS
Mixed,0.22296747451285043,50000,GuardianPixel,0848.png,2040,1536,50000,361112,0.11524458741830065,True,True,0.0,0.019189453125,65.30017762796277,0.9999607956883484,179880,5.740655637254902,1,14.258530499995686,12.526437200023793,
Mixed,0.22296747451285043,50000,Sequential Replacement,0848.png,2040,1536,50000,361112,0.11524458741830065,True,True,0.0,0.019246578839869282,65.2872681782918,0.9998550060825996,180924,5.773973651960784,1,0.002566699986346066,0.00015889998758211732,
Mixed,0.22296747451285043,50000,Sequential Matching,0848.png,2040,1536,50000,361112,0.11524458741830065,True,True,0.0,0.019246578839869282,65.2872681782918,0.9998549938244264,180924,5.773973651960784,1,0.5869914999930188,0.09717570000793785,
Mixed,0.22296747451285043,50000,Keyed Random Matching,0848.png,2040,1536,50000,361112,0.11524458741830065,True,True,0.0,0.019214984170751633,65.29440329837934,0.9998844626700413,180627,5.76449525122549,1,2.8400128000066616,2.3169972999603488,
Mixed,0.22296747451285043,50000,Canny Synchronous,0848.png,2040,1536,50000,361112,0.11524458741830065,False,False,,,,,,,,,,"ValueError: Capacity error: Insufficient edge capacity. Need 361112 bits, but only found 216784 edge pixels."
Smooth,0.13163100596832705,5000,GuardianPixel,0852.png,2040,1152,5000,39976,0.017010484749455337,True,True,0.0,0.002827988834422658,73.6160267043831,0.9999909842080124,19923,0.8477583741830065,1,8.457462099962868,7.761101400014013,
Smooth,0.13163100596832705,5000,Sequential Replacement,0852.png,2040,1152,5000,39976,0.017010484749455337,True,True,0.0,0.002836073665577342,73.60362853631125,0.9999119798520592,19995,0.8508220996732025,1,0.0016549000283703208,2.6799971237778664e-05,
Smooth,0.13163100596832705,5000,Sequential Matching,0852.png,2040,1152,5000,39976,0.017010484749455337,True,True,0.0,0.002836073665577342,73.60362853631125,0.999907671487675,19995,0.8508220996732025,1,0.05674959998577833,0.004558699962217361,
Smooth,0.13163100596832705,5000,Keyed Random Matching,0852.png,2040,1152,5000,39976,0.017010484749455337,True,True,0.0,0.002854938271604938,73.57483638335489,0.9999721952140325,20128,0.8564814814814815,1,1.2579680000199005,1.1956582999555394,
Smooth,0.13163100596832705,5000,Canny Synchronous,0852.png,2040,1152,5000,39976,0.017010484749455337,True,False,0.4837652591554933,0.002843023783587509,73.59299868030226,0.9999967499258667,20044,0.8529071350762527,1,0.12576640001498163,0.052302899945061654,BIT_ERRORS
Smooth,0.13163100596832705,20000,GuardianPixel,0852.png,2040,1152,20000,144864,0.0616421568627451,True,True,0.0,0.010310712826797385,67.99791669780012,0.9999675060371876,72581,3.088448052832244,1,9.26575469999807,8.2026994000189,
Smooth,0.13163100596832705,20000,Sequential Replacement,0852.png,2040,1152,20000,144864,0.0616421568627451,True,True,0.0,0.010284898102759623,68.00880367572066,0.9996446197792523,72511,3.0854694308278865,1,0.0017272999975830317,7.080001523718238e-05,
Smooth,0.13163100596832705,20000,Sequential Matching,0852.png,2040,1152,20000,144864,0.0616421568627451,True,True,0.0,0.010284898102759623,68.00880367572066,0.9996298341295126,72511,3.0854694308278865,1,0.16390460002003238,0.028747999982442707,
Smooth,0.13163100596832705,20000,Keyed Random Matching,0852.png,2040,1152,20000,144864,0.0616421568627451,True,True,0.0,0.010267026370733479,68.01635683364262,0.9998951948063279,72385,3.0801079112200433,1,1.656283100019209,1.4523218999966048,
Smooth,0.13163100596832705,20000,Canny Synchronous,0852.png,2040,1152,20000,144864,0.0616421568627451,True,False,0.49910260658272587,0.010296103395061729,68.00407465697367,0.9999872999979226,72590,3.0888310185185186,1,0.27701010002056137,0.07412209996255115,BIT_ERRORS
Smooth,0.13163100596832705,50000,GuardianPixel,0852.png,2040,1152,50000,348168,0.1481515522875817,True,True,0.0,0.02467518836238199,64.20819884250416,0.9999090020537497,173625,7.388046364379084,1,10.291442100016866,8.863348899991252,
Smooth,0.13163100596832705,50000,Sequential Replacement,0852.png,2040,1152,50000,348168,0.1481515522875817,True,True,0.0,0.02465065019063181,64.21251982062793,0.9992641257623457,173793,7.395195057189542,1,0.0023366999812424183,0.00015979999443516135,
Smooth,0.13163100596832705,50000,Sequential Matching,0852.png,2040,1152,50000,348168,0.1481515522875817,True,True,0.0,0.02465065019063181,64.21251982062793,0.9992304622787903,173793,7.395195057189542,1,0.41325129999313504,0.09273939998820424,
Smooth,0.13163100596832705,50000,Keyed Random Matching,0852.png,2040,1152,50000,348168,0.1481515522875817,True,True,0.0,0.02470554193899782,64.20285975885348,0.9997241866542127,174180,7.411662581699346,1,2.4137651000055484,1.9998286999762058,
Smooth,0.13163100596832705,50000,Canny Synchronous,0852.png,2040,1152,50000,348168,0.1481515522875817,False,False,,,,,,,,,,"ValueError: Capacity error: Insufficient edge capacity. Need 348168 bits, but only found 158637 edge pixels."
Smooth,0.13614567322320936,5000,GuardianPixel,0857.png,2040,1416,5000,40256,0.013935969868173258,True,True,0.0,0.0023373167534433735,74.44362788847614,0.9999936506822591,20236,0.7005372770577157,1,11.798785099992529,10.045974000007845,
Smooth,0.13614567322320936,5000,Sequential Replacement,0857.png,2040,1416,5000,40256,0.013935969868173258,True,True,0.0,0.0023190844134263876,74.47763803856459,0.9999815369300089,20097,0.6957253240279163,1,0.001725299982354045,2.4800014216452837e-05,
Smooth,0.13614567322320936,5000,Sequential Matching,0857.png,2040,1416,5000,40256,0.013935969868173258,True,True,0.0,0.0023190844134263876,74.47763803856459,0.9999815599076616,20097,0.6957253240279163,1,0.08081839996157214,0.004421700024977326,
Smooth,0.13614567322320936,5000,Keyed Random Matching,0857.png,2040,1416,5000,40256,0.013935969868173258,True,True,0.0,0.0023095066651896163,74.49561140918428,0.9999776754176509,20014,0.6928519995568849,1,1.4743001000024378,1.3867395999841392,
Smooth,0.13614567322320936,5000,Canny Synchronous,0857.png,2040,1416,5000,40256,0.013935969868173258,False,False,,,,,,,,,,"ValueError: Capacity error: Insufficient edge capacity. Need 40256 bits, but only found 16579 edge pixels."
Smooth,0.13614567322320936,20000,GuardianPixel,0857.png,2040,1416,20000,145768,0.05046250138473468,True,True,0.0,0.008425764373546028,68.87471050950043,0.9999686163572564,72932,2.5247867508585355,1,12.097464599995874,10.591558500018436,
Smooth,0.13614567322320936,20000,Sequential Replacement,0857.png,2040,1416,20000,145768,0.05046250138473468,True,True,0.0,0.008401416122004358,68.88727865027855,0.9999252364726519,72806,2.520424836601307,1,0.001942100003361702,7.00999516993761e-05,
Smooth,0.13614567322320936,20000,Sequential Matching,0857.png,2040,1416,20000,145768,0.05046250138473468,True,True,0.0,0.008401416122004358,68.88727865027855,0.9999252360429088,72806,2.520424836601307,1,0.23509349999949336,0.02719629998318851,
Smooth,0.13614567322320936,20000,Keyed Random Matching,0857.png,2040,1416,20000,145768,0.05046250138473468,True,True,0.0,0.008407070455300765,68.88435673838504,0.999918484317293,72855,2.522121136590229,1,1.8540838000481017,1.634671600011643,
Smooth,0.13614567322320936,20000,Canny Synchronous,0857.png,2040,1416,20000,145768,0.05046250138473468,False,False,,,,,,,,,,"ValueError: Capacity error: Insufficient edge capacity. Need 145768 bits, but only found 16579 edge pixels."
Smooth,0.13614567322320936,50000,GuardianPixel,0857.png,2040,1416,50000,352264,0.12194804475462502,True,True,0.0,0.02028867102396514,65.05826760648822,0.9998894695976047,175447,6.073688656253462,1,26.117059500014875,12.077255000011064,
Smooth,0.13614567322320936,50000,Sequential Replacement,0857.png,2040,1416,50000,352264,0.12194804475462502,True,True,0.0,0.02037775562202282,65.03924011160508,0.9998117433301478,176592,6.113326686606846,1,0.0022758000413887203,0.00016879994655027986,
Smooth,0.13614567322320936,50000,Sequential Matching,0857.png,2040,1416,50000,352264,0.12194804475462502,True,True,0.0,0.02037775562202282,65.03924011160508,0.999811749134104,176592,6.113326686606846,1,0.5771844999981113,0.09657430002698675,
Smooth,0.13614567322320936,50000,Keyed Random Matching,0857.png,2040,1416,50000,352264,0.12194804475462502,True,True,0.0,0.020337598316162622,65.04780695448443,0.9998030142555424,176244,6.101279494848787,1,2.756817800051067,2.222121700004209,
Smooth,0.13614567322320936,50000,Canny Synchronous,0857.png,2040,1416,50000,352264,0.12194804475462502,False,False,,,,,,,,,,"ValueError: Capacity error: Insufficient edge capacity. Need 352264 bits, but only found 16579 edge pixels."
Mixed,0.2163372341551858,5000,GuardianPixel,0865.png,2040,1536,5000,40904,0.013054023692810458,True,True,0.0,0.002163968886165577,74.77829348732705,0.9999959215504247,20326,0.6486800449346406,1,12.865678399975877,11.141258299991023,
Mixed,0.2163372341551858,5000,Sequential Replacement,0865.png,2040,1536,5000,40904,0.013054023692810458,True,True,0.0,0.00217705354711329,74.75211249727677,0.9999770053644895,20465,0.6531160641339869,1,0.0018987999646924436,2.6800029445439577e-05,
Mixed,0.2163372341551858,5000,Sequential Matching,0865.png,2040,1536,5000,40904,0.013054023692810458,True,True,0.0,0.00217705354711329,74.75211249727677,0.9999769556023229,20465,0.6531160641339869,1,0.08960710000246763,0.005188399984035641,
Mixed,0.2163372341551858,5000,Keyed Random Matching,0865.png,2040,1536,5000,40904,0.013054023692810458,True,True,0.0,0.002177691823257081,74.75083940419972,0.9999838800811042,20471,0.6533075469771242,1,1.5761192999780178,1.509514199977275,
Mixed,0.2163372341551858,5000,Canny Synchronous,0865.png,2040,1536,5000,40904,0.013054023692810458,True,False,0.49694406415020537,0.0021771599264705883,74.75190028917923,0.9999975346552556,20466,0.6531479779411765,1,0.15854779997607693,0.0718576000072062,BIT_ERRORS
Mixed,0.2163372341551858,20000,GuardianPixel,0865.png,2040,1536,20000,148864,0.04750816993464052,True,True,0.0,0.007887603826252722,69.1613527186493,0.999986243685053,74040,2.3628982843137254,1,13.465193600044586,12.620732000039425,
Mixed,0.2163372341551858,20000,Sequential Replacement,0865.png,2040,1536,20000,148864,0.04750816993464052,True,True,0.0,0.007912496595860567,69.1476682468601,0.9999000701665732,74380,2.37374897875817,1,0.0019927999819628894,7.270002970471978e-05,
Mixed,0.2163372341551858,20000,Sequential Matching,0865.png,2040,1536,20000,148864,0.04750816993464052,True,True,0.0,0.007912496595860567,69.1476682468601,0.9998996425606067,74380,2.37374897875817,1,0.24683619994902983,0.02764360001310706,
Mixed,0.2163372341551858,20000,Keyed Random Matching,0865.png,2040,1536,20000,148864,0.04750816993464052,True,True,0.0,0.00792973005174292,69.13821957791663,0.9999412934310893,74542,2.3789190155228757,1,1.9814408000092953,1.7585825999849476,
Mixed,0.2163372341551858,20000,Canny Synchronous,0865.png,2040,1536,20000,148864,0.04750816993464052,True,False,0.4985691638005159,0.00790249693627451,69.15316024728243,0.9999909608281717,74286,2.370749080882353,1,0.3241111999959685,0.09408800001256168,BIT_ERRORS
Mixed,0.2163372341551858,50000,GuardianPixel,0865.png,2040,1536,50000,357192,0.11399356617647059,True,True,0.0,0.01899339596949891,65.34477738471256,0.9999641640705956,178108,5.684104370915033,1,14.897668500023428,12.70487699995283,
Mixed,0.2163372341551858,50000,Sequential Replacement,0865.png,2040,1536,50000,357192,0.11399356617647059,True,True,0.0,0.01903722426470588,65.33476734802679,0.9997495378297057,178956,5.7111672794117645,1,0.0024175000144168735,0.00015999999595806003,
Mixed,0.2163372341551858,50000,Sequential Matching,0865.png,2040,1536,50000,357192,0.11399356617647059,True,True,0.0,0.01903722426470588,65.33476734802679,0.9997479259982924,178956,5.7111672794117645,1,0.5854149999795482,0.09744789998512715,
Mixed,0.2163372341551858,50000,Keyed Random Matching,0865.png,2040,1536,50000,357192,0.11399356617647059,True,True,0.0,0.01895435474537037,65.35371356346813,0.9998602888697666,178177,5.686306423611111,1,2.8219267000094987,2.3353340000030585,
Mixed,0.2163372341551858,50000,Canny Synchronous,0865.png,2040,1536,50000,357192,0.11399356617647059,False,False,,,,,,,,,,"ValueError: Capacity error: Insufficient edge capacity. Need 357192 bits, but only found 303413 edge pixels."
Smooth,0.07460631833972266,5000,GuardianPixel,0868.png,2040,1356,5000,40408,0.01460755393602869,True,True,0.0,0.0024671274606204332,74.20888773593757,0.9999927850558913,20455,0.7394513852738736,1,9.939727600023616,8.514238099975046,
Smooth,0.07460631833972266,5000,Sequential Replacement,0868.png,2040,1356,5000,40408,0.01460755393602869,True,True,0.0,0.0024271212909942738,74.27988880912861,0.9999757985424691,20142,0.7281363872982821,1,0.0016388999647460878,2.6300025638192892e-05,
Smooth,0.07460631833972266,5000,Sequential Matching,0868.png,2040,1356,5000,40408,0.01460755393602869,True,True,0.0,0.0024271212909942738,74.27988880912861,0.9999650878322784,20142,0.7281363872982821,1,0.08023490000050515,0.0044995000353083014,
Smooth,0.07460631833972266,5000,Keyed Random Matching,0868.png,2040,1356,5000,40408,0.01460755393602869,True,True,0.0,0.0024302543042782503,74.27428639876126,0.9999645730008891,20168,0.7290762912834751,1,1.6048223999678157,1.8712179000140168,
Smooth,0.07460631833972266,5000,Canny Synchronous,0868.png,2040,1356,5000,40408,0.01460755393602869,True,False,0.4868590378142942,0.00244748587734012,74.2436016638291,0.9999979271630766,20311,0.7342457632020359,1,0.14039640000555664,0.05968619999475777,BIT_ERRORS
Smooth,0.07460631833972266,20000,GuardianPixel,0868.png,2040,1356,20000,144488,0.0522326334663659,True,True,0.0,0.008684592322671448,68.74330924517696,0.999980321148206,71997,2.6027025854589625,1,10.972398599958979,9.559431100031361,
Smooth,0.07460631833972266,20000,Sequential Replacement,0868.png,2040,1356,20000,144488,0.0522326334663659,True,True,0.0,0.008731467021420171,68.71993142845997,0.9999037777003603,72460,2.619440106426051,1,0.0021871000062674284,8.129997877404094e-05,
Smooth,0.07460631833972266,20000,Sequential Matching,0868.png,2040,1356,20000,144488,0.0522326334663659,True,True,0.0,0.008731467021420171,68.71993142845997,0.9998581255288376,72460,2.619440106426051,1,0.36236549995373935,0.029217700008302927,
Smooth,0.07460631833972266,20000,Keyed Random Matching,0868.png,2040,1356,20000,144488,0.0522326334663659,True,True,0.0,0.00871580195500029,68.727730074474,0.9998722789715879,72330,2.614740586500087,1,1.916035100002773,1.8075678999884985,
Smooth,0.07460631833972266,20000,Canny Synchronous,0868.png,2040,1356,20000,144488,0.0522326334663659,False,False,,,,,,,,,,"ValueError: Capacity error: Insufficient edge capacity. Need 144488 bits, but only found 79923 edge pixels."
Smooth,0.07460631833972266,50000,GuardianPixel,0868.png,2040,1356,50000,343872,0.12431025507548152,True,True,0.0,0.020734522914377156,64.96386313839062,0.9999426251385216,171866,6.21298224304471,1,12.209908799966797,10.686676100012846,
Smooth,0.07460631833972266,50000,Sequential Replacement,0868.png,2040,1356,50000,343872,0.12431025507548152,True,True,0.0,0.020704879788690303,64.97007647510317,0.9997642997592858,171824,6.211463936607091,1,0.0022320999996736646,0.00015239999629557133,
Smooth,0.07460631833972266,50000,Sequential Matching,0868.png,2040,1356,50000,343872,0.12431025507548152,True,True,0.0,0.020704879788690303,64.97007647510317,0.9996551491835817,171824,6.211463936607091,1,0.698089900019113,0.10765409999294207,
Smooth,0.07460631833972266,50000,Keyed Random Matching,0868.png,2040,1356,50000,343872,0.12431025507548152,True,True,0.0,0.020781036111593112,64.95413163829151,0.9996959133312807,172456,6.234310833477934,1,2.9532777999993414,2.4277863999595866,
Smooth,0.07460631833972266,50000,Canny Synchronous,0868.png,2040,1356,50000,343872,0.12431025507548152,False,False,,,,,,,,,,"ValueError: Capacity error: Insufficient edge capacity. Need 343872 bits, but only found 79923 edge pixels."
Mixed,0.2238073570899485,5000,GuardianPixel,0878.png,2040,1740,5000,41360,0.011652017128690557,True,True,0.0,0.0019317669596574261,75.27125627111035,0.9999959846735614,20559,0.5791920216362407,1,15.10416799999075,12.575399800029118,
Mixed,0.2238073570899485,5000,Sequential Replacement,0878.png,2040,1740,5000,41360,0.011652017128690557,True,True,0.0,0.0019390917286454812,75.25482007022676,0.9999849058483744,20649,0.5817275185936444,1,0.0020993000362068415,2.729997504502535e-05,
Mixed,0.2238073570899485,5000,Sequential Matching,0878.png,2040,1740,5000,41360,0.011652017128690557,True,True,0.0,0.0019390917286454812,75.25482007022676,0.9999849134875992,20649,0.5817275185936444,1,0.08817530004307628,0.004842200025450438,
Mixed,0.2238073570899485,5000,Keyed Random Matching,0878.png,2040,1740,5000,41360,0.011652017128690557,True,True,0.0,0.0019406881526556983,75.2512460624286,0.9999862846070123,20666,0.5822064457967094,1,1.703312499972526,1.6786081999889575,
Mixed,0.2238073570899485,5000,Canny Synchronous,0878.png,2040,1740,5000,41360,0.011652017128690557,True,False,0.4950676982591876,0.0019389978213507626,75.25503039760258,0.999997641533133,20648,0.5816993464052287,1,0.17558389995247126,0.07075409998651594,BIT_ERRORS
Mixed,0.2238073570899485,20000,GuardianPixel,0878.png,2040,1740,20000,151792,0.04276312823980167,True,True,0.0,0.00712962962962963,69.60013391182378,0.9999850143737038,75811,2.135761775974758,1,14.44412610004656,12.370120500039775,
Mixed,0.2238073570899485,20000,Sequential Replacement,0878.png,2040,1740,20000,151792,0.04276312823980167,True,True,0.0,0.007138456915333183,69.59476018220941,0.9999433746501181,76016,2.141537074599955,1,0.005350799998268485,0.00019180000526830554,
Mixed,0.2238073570899485,20000,Sequential Matching,0878.png,2040,1740,20000,151792,0.04276312823980167,True,True,0.0,0.007138456915333183,69.59476018220941,0.999943369588762,76016,2.141537074599955,1,0.2494913000264205,0.0312011000351049,
Mixed,0.2238073570899485,20000,Keyed Random Matching,0878.png,2040,1740,20000,151792,0.04276312823980167,True,True,0.0,0.007124558635714822,69.60322395767821,0.9999491288217186,75868,2.1373675907144465,1,2.1109793999930844,1.9521609999937937,
Mixed,0.2238073570899485,20000,Canny Synchronous,0878.png,2040,1740,20000,151792,0.04276312823980167,True,False,0.497885264045536,0.0071420253925324915,69.59258970931458,0.9999904160061002,76054,2.1426076177597477,1,0.31853240000782534,0.09677559998817742,BIT_ERRORS
Mixed,0.2238073570899485,50000,GuardianPixel,0878.png,2040,1740,50000,362872,0.10222898354744196,True,True,0.0,0.01704464352790925,65.81492438053417,0.9999602586163996,181021,5.099757719179626,1,15.690200400014874,13.488122200011276,
Mixed,0.2238073570899485,50000,Sequential Replacement,0878.png,2040,1740,50000,362872,0.10222898354744196,True,True,0.0,0.017018443392682745,65.82160526440381,0.9998630239680678,181226,5.105533017804823,1,0.0025631000171415508,0.00016930000856518745,
Mixed,0.2238073570899485,50000,Sequential Matching,0878.png,2040,1740,50000,362872,0.10222898354744196,True,True,0.0,0.017018443392682745,65.82160526440381,0.9998630057833923,181226,5.105533017804823,1,0.5654727999935858,0.097670899995137,
Mixed,0.2238073570899485,50000,Keyed Random Matching,0878.png,2040,1740,50000,362872,0.10222898354744196,True,True,0.0,0.017010461272631658,65.82364270333389,0.9998785394541816,181141,5.103138381789497,1,3.117240000050515,2.4237333000055514,
Mixed,0.2238073570899485,50000,Canny Synchronous,0878.png,2040,1740,50000,362872,0.10222898354744196,False,False,,,,,,,,,,"ValueError: Capacity error: Insufficient edge capacity. Need 362872 bits, but only found 223028 edge pixels."
Textured,0.33775049959705783,5000,GuardianPixel,0895.png,2040,1284,5000,40240,0.015362531305357034,True,True,0.0,0.002581037607150856,74.0128602836623,0.9999981795002545,20268,0.7737768004398021,1,8.879872500023339,7.847546400036663,
Textured,0.33775049959705783,5000,Sequential Replacement,0895.png,2040,1284,5000,40240,0.015362531305357034,True,True,0.0,0.002546550811394132,74.07128014780243,0.9999974180229979,20011,0.7639652434182396,1,0.0015953000402078032,2.6999972760677338e-05,
Textured,0.33775049959705783,5000,Sequential Matching,0895.png,2040,1284,5000,40240,0.015362531305357034,True,True,0.0,0.002546550811394132,74.07128014780243,0.9999974227395511,20011,0.7639652434182396,1,0.07657770003424957,0.004454700043424964,
Textured,0.33775049959705783,5000,Keyed Random Matching,0895.png,2040,1284,5000,40240,0.015362531305357034,True,True,0.0,0.0025623307474599392,74.04445172802855,0.9999941531737043,20135,0.7686992242379818,1,1.4113641000003554,1.339298199978657,
Textured,0.33775049959705783,5000,Canny Synchronous,0895.png,2040,1284,5000,40240,0.015362531305357034,True,False,0.4959493041749503,0.0025531682039378577,74.0600093359374,0.9999976060945146,20063,0.7659504611813573,1,0.19163740001386032,0.09933890000684187,BIT_ERRORS
Textured,0.33775049959705783,20000,GuardianPixel,0895.png,2040,1284,20000,147112,0.05616333760918698,True,True,0.0,0.009398224502677499,68.40034545727958,0.9999936798830523,73725,2.814618838189481,1,9.61548080004286,8.393576300004497,
Textured,0.33775049959705783,20000,Sequential Replacement,0895.png,2040,1284,20000,147112,0.05616333760918698,True,True,0.0,0.009367173660741555,68.41471789052214,0.9999876443158725,73608,2.8101520982224666,1,0.0018130000098608434,7.150002056732774e-05,
Textured,0.33775049959705783,20000,Sequential Matching,0895.png,2040,1284,20000,147112,0.05616333760918698,True,True,0.0,0.009367173660741555,68.41471789052214,0.9999876420950214,73608,2.8101520982224666,1,0.2300305999815464,0.02577419998124242,
Textured,0.33775049959705783,20000,Keyed Random Matching,0895.png,2040,1284,20000,147112,0.05616333760918698,True,True,0.0,0.009380281188280088,68.40864503652166,0.9999787728228874,73711,2.8140843564840266,1,1.7241377000464126,1.5155660000164062,
Textured,0.33775049959705783,20000,Canny Synchronous,0895.png,2040,1284,20000,147112,0.05616333760918698,True,False,0.49854532601011475,0.009356102253985707,68.41985401247354,0.9999920859516614,73521,2.806830676195712,1,0.3492532999953255,0.2805176000110805,BIT_ERRORS
Textured,0.33775049959705783,50000,GuardianPixel,0895.png,2040,1284,50000,354408,0.1353032801905809,True,True,0.0,0.022486663408873415,64.6115534165353,0.9999844648672845,176277,6.7297736851750045,1,12.47574009996606,10.501828400010709,
Textured,0.33775049959705783,50000,Sequential Replacement,0895.png,2040,1284,50000,354408,0.1353032801905809,True,True,0.0,0.022454721764095045,64.61772682768078,0.9999246428359242,176451,6.7364165292285145,1,0.0021585000213235617,0.00016629998572170734,
Textured,0.33775049959705783,50000,Sequential Matching,0895.png,2040,1284,50000,354408,0.1353032801905809,True,True,0.0,0.022454721764095045,64.61772682768078,0.9999245393497297,176451,6.7364165292285145,1,0.7258481999742799,0.10358450002968311,
Textured,0.33775049959705783,50000,Keyed Random Matching,0895.png,2040,1284,50000,354408,0.1353032801905809,True,True,0.0,0.022589232993301164,64.59178875960477,0.9999486863250024,177508,6.7767698979903495,1,5.185025499959011,5.22810390003724,
Textured,0.33775049959705783,50000,Canny Synchronous,0895.png,2040,1284,50000,354408,0.1353032801905809,True,False,0.49727997110674704,0.022561999877832754,64.59702768330855,0.9999823248960785,177294,6.768599963349827,1,2.17253919999348,0.3825465000118129,BIT_ERRORS
Textured,0.3818213154868821,5000,GuardianPixel,0897.png,2040,1368,5000,40968,0.014680082559339525,True,True,0.0,0.002445008217712036,74.24800037735064,0.999998280124799,20460,0.7331441348469212,1,16.31990709999809,8.81203779997304,
Textured,0.3818213154868821,5000,Sequential Replacement,0897.png,2040,1368,5000,40968,0.014680082559339525,True,True,0.0,0.002463402515002102,74.21544980388241,0.9999968487021785,20624,0.7390207545006306,1,0.0018559999880380929,2.589996438473463e-05,
Textured,0.3818213154868821,5000,Sequential Matching,0897.png,2040,1368,5000,40968,0.014680082559339525,True,True,0.0,0.002463402515002102,74.21544980388241,0.9999968457063356,20624,0.7390207545006306,1,0.09127760003320873,0.004595500009600073,
Textured,0.3818213154868821,5000,Keyed Random Matching,0897.png,2040,1368,5000,40968,0.014680082559339525,True,True,0.0,0.0024472776440010702,74.2439711794952,0.9999952519052865,20489,0.734183293200321,1,1.4045733999810182,1.322341300023254,
Textured,0.3818213154868821,5000,Canny Synchronous,0897.png,2040,1368,5000,40968,0.014680082559339525,True,False,0.4937268111696934,0.0024561164621794136,74.22831404879767,0.9999987394354166,20563,0.7368349386538241,1,0.17565039999317378,0.09011679998366162,BIT_ERRORS
Textured,0.3818213154868821,20000,GuardianPixel,0897.png,2040,1368,20000,150976,0.05409930053892902,True,True,0.0,0.00902562779497764,68.57602941047881,0.9999934702619795,75443,2.703352539846348,1,10.665036499965936,8.935882700025104,
Textured,0.3818213154868821,20000,Sequential Replacement,0897.png,2040,1368,20000,150976,0.05409930053892902,True,True,0.0,0.009040558231089707,68.56885113003518,0.999985837586845,75689,2.712167469326912,1,0.001860200020018965,7.43999844416976e-05,
Textured,0.3818213154868821,20000,Sequential Matching,0897.png,2040,1368,20000,150976,0.05409930053892902,True,True,0.0,0.009040558231089707,68.56885113003518,0.9999858260239951,75689,2.712167469326912,1,0.2391281999880448,0.028440199967008084,
Textured,0.3818213154868821,20000,Keyed Random Matching,0897.png,2040,1368,20000,150976,0.05409930053892902,True,True,0.0,0.009074838512403012,68.55241455401774,0.9999824719977654,75976,2.7224515537209037,1,1.9580372999771498,1.7699344999855384,
Textured,0.3818213154868821,20000,Canny Synchronous,0897.png,2040,1368,20000,150976,0.05409930053892902,True,False,0.49611858838490885,0.009034227726178191,68.5718932722433,0.9999952214926955,75636,2.710268317853457,1,0.38664240000071004,0.13355199998477474,BIT_ERRORS
Textured,0.3818213154868821,50000,GuardianPixel,0897.png,2040,1368,50000,361120,0.12940029813094828,True,True,0.0,0.021498991896953715,64.80662264852525,0.9999838741144225,179466,6.430813553491572,1,11.50866859999951,9.93863859999692,
Textured,0.3818213154868821,50000,Sequential Replacement,0897.png,2040,1368,50000,361120,0.12940029813094828,True,True,0.0,0.02158487176547032,64.78930887987462,0.9999653254053515,180712,6.4754615296410964,1,0.0022196999634616077,0.0001598999951966107,
Textured,0.3818213154868821,50000,Sequential Matching,0897.png,2040,1368,50000,361120,0.12940029813094828,True,True,0.0,0.02158487176547032,64.78930887987462,0.9999653140577278,180712,6.4754615296410964,1,0.5599538999958895,0.09547679999377578,
Textured,0.3818213154868821,50000,Keyed Random Matching,0897.png,2040,1368,50000,361120,0.12940029813094828,True,True,0.0,0.021550591484157014,64.79621166427758,0.9999584397001211,180425,6.465177445247104,1,2.7382372999563813,2.228017400018871,
Textured,0.3818213154868821,50000,Canny Synchronous,0897.png,2040,1368,50000,361120,0.12940029813094828,True,False,0.49826373504652194,0.02155596644115736,64.79512862063403,0.9999887756832604,180470,6.466789932347209,1,0.6558466000133194,0.1813743999809958,BIT_ERRORS
Smooth,0.12120442923996275,5000,GuardianPixel,0898.png,2040,1356,5000,39952,0.014442709237087166,True,True,0.0,0.0024213372664700097,74.29025074621006,0.999993959782313,20085,0.7260758285615131,1,9.404908300028183,8.2531914000283,
Smooth,0.12120442923996275,5000,Sequential Replacement,0898.png,2040,1356,5000,39952,0.014442709237087166,True,True,0.0,0.002403141689320763,74.32300983290783,0.9999716885500373,19943,0.7209425067962288,1,0.0016833000117912889,2.6500027161091566e-05,
Smooth,0.12120442923996275,5000,Sequential Matching,0898.png,2040,1356,5000,39952,0.014442709237087166,True,True,0.0,0.002403141689320763,74.32300983290783,0.9999716894665007,19943,0.7209425067962288,1,0.07868480001343414,0.004453199973795563,
Smooth,0.12120442923996275,5000,Keyed Random Matching,0898.png,2040,1356,5000,39952,0.014442709237087166,True,True,0.0,0.002411215223552548,74.30844383908305,0.9999715777784363,20010,0.7233645670657644,1,1.5289022999932058,1.3392903999774717,
Smooth,0.12120442923996275,5000,Canny Synchronous,0898.png,2040,1356,5000,39952,0.014442709237087166,True,False,0.4905887064477373,0.0024179632521641892,74.29630664634136,0.9999978105874417,20066,0.7253889756492568,1,0.12637759995413944,0.05253430001903325,BIT_ERRORS
Smooth,0.12120442923996275,20000,GuardianPixel,0898.png,2040,1356,20000,144760,0.05233096188327838,True,True,0.0,0.008736046040835213,68.71765446676206,0.9999799056700335,72409,2.6175964486089423,1,10.068053899973165,8.72370759997284,
Smooth,0.12120442923996275,20000,Sequential Replacement,0898.png,2040,1356,20000,144760,0.05233096188327838,True,True,0.0,0.008705438911060983,68.73289688591298,0.9998840480545285,72244,2.611631673318295,1,0.0018756999634206295,7.180002285167575e-05,
Smooth,0.12120442923996275,20000,Sequential Matching,0898.png,2040,1356,20000,144760,0.05233096188327838,True,True,0.0,0.008705438911060983,68.73289688591298,0.999884064984002,72244,2.611631673318295,1,0.22925649996614084,0.026095100038219243,
Smooth,0.12120442923996275,20000,Keyed Random Matching,0898.png,2040,1356,20000,144760,0.05233096188327838,True,True,0.0,0.008747855090905586,68.7117878057425,0.9998975766961063,72596,2.6243565272716753,1,1.7899108999990858,1.8191750000114553,
Smooth,0.12120442923996275,20000,Canny Synchronous,0898.png,2040,1356,20000,144760,0.05233096188327838,False,False,,,,,,,,,,"ValueError: Capacity error: Insufficient edge capacity. Need 144760 bits, but only found 78606 edge pixels."
Smooth,0.12120442923996275,50000,GuardianPixel,0898.png,2040,1356,50000,346456,0.12524437503615016,True,True,0.0,0.02087815952339638,64.93388149299315,0.9999396997645671,173030,6.255061021458731,1,11.07431669998914,9.833749600045849,
Smooth,0.12120442923996275,50000,Sequential Replacement,0898.png,2040,1356,50000,346456,0.12524437503615016,True,True,0.0,0.020867675978946152,64.9360627623564,0.999713290941874,173175,6.260302793683844,1,0.002398700045887381,0.00015460001304745674,
Smooth,0.12120442923996275,50000,Sequential Matching,0898.png,2040,1356,50000,346456,0.12524437503615016,True,True,0.0,0.020867675978946152,64.9360627623564,0.9997132106308734,173175,6.260302793683844,1,0.5896511999890208,0.10492740001063794,
Smooth,0.12120442923996275,50000,Keyed Random Matching,0898.png,2040,1356,50000,346456,0.12524437503615016,True,True,0.0,0.020883341045366034,64.93280379876272,0.9997552514795821,173305,6.265002313609809,1,3.3582652999903075,2.393810299981851,
Smooth,0.12120442923996275,50000,Canny Synchronous,0898.png,2040,1356,50000,346456,0.12524437503615016,False,False,,,,,,,,,,"ValueError: Capacity error: Insufficient edge capacity. Need 346456 bits, but only found 78606 edge pixels."
Mixed,0.20035007498252627,5000,GuardianPixel,0899.png,2040,1356,5000,41728,0.015084735959280468,True,True,0.0,0.002514966163456533,74.12548214467205,0.999993766333605,20853,0.7538391462779802,1,9.848721400019713,8.389337899978273,
Mixed,0.20035007498252627,5000,Sequential Replacement,0899.png,2040,1356,5000,41728,0.015084735959280468,True,True,0.0,0.002516291669076677,74.12319381118154,0.9999786457823866,20882,0.754887500723003,1,0.0016951999859884381,2.640002639964223e-05,
Mixed,0.20035007498252627,5000,Sequential Matching,0899.png,2040,1356,5000,41728,0.015084735959280468,True,True,0.0,0.002516291669076677,74.12319381118154,0.9999777903994298,20882,0.754887500723003,1,0.08036239998182282,0.004785900004208088,
Mixed,0.20035007498252627,5000,Keyed Random Matching,0899.png,2040,1356,5000,41728,0.015084735959280468,True,True,0.0,0.0025160506680548325,74.12360978214292,0.9999800719735266,20880,0.7548152004164498,1,1.492430099984631,1.307869300013408,
Mixed,0.20035007498252627,5000,Canny Synchronous,0899.png,2040,1356,5000,41728,0.015084735959280468,True,False,0.4996405291411043,0.0024968910868182082,74.15680761818707,0.999997047683958,20721,0.7490673260454624,1,0.1336798999691382,0.05822080001235008,BIT_ERRORS
Mixed,0.20035007498252627,20000,GuardianPixel,0899.png,2040,1356,20000,150720,0.05448551101856672,True,True,0.0,0.009070916960687913,68.55429169636038,0.9999801209003008,75132,2.7160333159812597,1,10.711556700000074,8.768864900048357,
Mixed,0.20035007498252627,20000,Sequential Replacement,0899.png,2040,1356,20000,150720,0.05448551101856672,True,True,0.0,0.00912020166965508,68.53075919134888,0.9999157115291543,75686,2.736060500896524,1,0.0019964000093750656,7.270002970471978e-05,
Mixed,0.20035007498252627,20000,Sequential Matching,0899.png,2040,1356,20000,150720,0.05448551101856672,True,True,0.0,0.00912020166965508,68.53075919134888,0.9999125135451572,75686,2.736060500896524,1,0.23400260001653805,0.029882200004067272,
Mixed,0.20035007498252627,20000,Keyed Random Matching,0899.png,2040,1356,20000,150720,0.05448551101856672,True,True,0.0,0.009067301945360248,68.55602282689499,0.9999277043493597,75247,2.7201905836080744,1,1.8050647000200115,1.5731956000090577,
Mixed,0.20035007498252627,20000,Canny Synchronous,0899.png,2040,1356,20000,150720,0.05448551101856672,True,False,0.497385881104034,0.009066096940251027,68.55660002378309,0.9999899302493273,75237,2.719829082075308,1,0.3177632000297308,0.07910579995950684,BIT_ERRORS
Mixed,0.20035007498252627,50000,GuardianPixel,0899.png,2040,1356,50000,358968,0.1297674822141246,True,True,0.0,0.021605500607322574,64.78516027342668,0.9999467806995961,178771,6.462599051419978,1,11.712522200017702,9.91466660000151,
Mixed,0.20035007498252627,50000,Sequential Replacement,0899.png,2040,1356,50000,358968,0.1297674822141246,True,True,0.0,0.02160513910578981,64.78523293984493,0.9998170813994612,179295,6.481541731736942,1,0.002194700005929917,0.00016309996135532856,
Mixed,0.20035007498252627,50000,Sequential Matching,0899.png,2040,1356,50000,358968,0.1297674822141246,True,True,0.0,0.02160513910578981,64.78523293984493,0.9998115371112754,179295,6.481541731736942,1,0.5553518999950029,0.09252350003225729,
Mixed,0.20035007498252627,50000,Keyed Random Matching,0899.png,2040,1356,50000,358968,0.1297674822141246,True,True,0.0,0.021632733722790985,64.77968956282986,0.9998277782730559,179524,6.489820116837295,1,2.6246608999790624,2.238615899987053,
Mixed,0.20035007498252627,50000,Canny Synchronous,0899.png,2040,1356,50000,358968,0.1297674822141246,False,False,,,,,,,,,,"ValueError: Capacity error: Insufficient edge capacity. Need 358968 bits, but only found 164486 edge pixels."
